"","Cell","Cell_type","x","y"
"Cell_76","Cell_76","OD Mature",-3247.820419,-3759.912925
"Cell_4381","Cell_4381","OD Immature",-1930.689636,-3778.998608
"Cell_5073","Cell_5073","Inhibitory",-2826.099089,-3064.765991
"Cell_176","Cell_176","Endothelial",-3307.793271,-3412.359342
"Cell_2319","Cell_2319","Excitatory",-2427.503714,-3655.235071
"Cell_4604","Cell_4604","Excitatory",-1569.949882,-3508.580415
"Cell_299","Cell_299","Inhibitory",-3268.539775,-2986.942418
"Cell_3680","Cell_3680","Inhibitory",-1967.144447,-3114.647744
"Cell_889","Cell_889","Inhibitory",-2980.510143,-3485.135914
"Cell_2399","Cell_2399","Excitatory",-2409.069529,-3450.784676
"Cell_5052","Cell_5052","Excitatory",-3087.096225,-3869.309272
"Cell_1354","Cell_1354","Astrocyte",-2873.539691,-3003.139827
"Cell_4298","Cell_4298","Inhibitory",-1773.148614,-3287.449375
"Cell_2748","Cell_2748","Ependymal",-2517.738653,-2288.943427
"Cell_1767","Cell_1767","OD Immature",-2675.585007,-3053.51422
"Cell_3431","Cell_3431","Endothelial",-2200.320502,-4019.245233
"Cell_4491","Cell_4491","Endothelial",-1601.556474,-3882.606989
"Cell_1366","Cell_1366","OD Mature",-2824.359079,-3012.371521
"Cell_1608","Cell_1608","Excitatory",-2639.928295,-2289.450192
"Cell_1433","Cell_1433","Inhibitory",-2886.559651,-2742.01829
"Cell_540","Cell_540","OD Immature",-2980.087732,-2314.061809
"Cell_4043","Cell_4043","Inhibitory",-1831.78973,-2434.982126
"Cell_2675","Cell_2675","OD Mature",-2397.999602,-2727.853214
"Cell_4176","Cell_4176","Inhibitory",-1862.201464,-2940.813043
"Cell_1239","Cell_1239","Excitatory",-2905.312722,-3081.958976
"Cell_2529","Cell_2529","Ependymal",-2498.238517,-3154.688405
"Cell_2696","Cell_2696","Microglia",-2460.682355,-2544.921752
"Cell_3405","Cell_3405","Pericytes",-2162.745023,-3983.81547
"Cell_2584","Cell_2584","Excitatory",-2434.002106,-3035.222427
"Cell_1435","Cell_1435","Inhibitory",-2833.086532,-2815.560626
"Cell_5043","Cell_5043","Endothelial",-2945.552436,-3434.660921
"Cell_676","Cell_676","Excitatory",-3127.253788,-2986.491148
"Cell_284","Cell_284","OD Mature",-3321.620794,-2872.304751
"Cell_1696","Cell_1696","OD Mature",-2667.88399,-2713.254602
"Cell_1308","Cell_1308","OD Mature",-2916.987151,-2947.919066
"Cell_1632","Cell_1632","OD Mature",-2622.556707,-2651.701071
"Cell_3612","Cell_3612","Inhibitory",-2051.54766,-3351.750454
"Cell_256","Cell_256","Inhibitory",-3296.154999,-3230.779793
"Cell_2106","Cell_2106","Astrocyte",-2570.362349,-3758.177735
"Cell_3546","Cell_3546","Inhibitory",-2023.118403,-3510.305277
"Cell_1186","Cell_1186","Inhibitory",-2923.249225,-3387.568872
"Cell_2786","Cell_2786","Inhibitory",-2395.839106,-2367.952336
"Cell_3675","Cell_3675","OD Immature",-1990.18455,-3247.302836
"Cell_334","Cell_334","Inhibitory",-3162.35145,-2931.860244
"Cell_2316","Cell_2316","Excitatory",-2449.680766,-3536.568062
"Cell_1960","Cell_1960","Inhibitory",-2684.70828,-3436.40881
"Cell_3039","Cell_3039","Inhibitory",-2215.274148,-2981.403222
"Cell_4551","Cell_4551","OD Immature",-1558.806706,-3743.274253
"Cell_1611","Cell_1611","Inhibitory",-2723.61905,-2512.527947
"Cell_4011","Cell_4011","Astrocyte",-1796.030692,-2304.664028
"Cell_1756","Cell_1756","Inhibitory",-2704.998962,-2906.897484
"Cell_4982","Cell_4982","Inhibitory",-3264.233313,-3865.140512
"Cell_2073","Cell_2073","Astrocyte",-2689.582642,-3721.495881
"Cell_1777","Cell_1777","Inhibitory",-2622.309882,-2936.953914
"Cell_5264","Cell_5264","Inhibitory",-2036.078555,-2868.833258
"Cell_4914","Cell_4914","Inhibitory",-1695.0835,-2369.859589
"Cell_4388","Cell_4388","Inhibitory",-1895.075215,-3762.069402
"Cell_5215","Cell_5215","Astrocyte",-2276.428505,-3067.272564
"Cell_2115","Cell_2115","Astrocyte",-2692.999952,-3803.739093
"Cell_810","Cell_810","Inhibitory",-3097.348995,-3308.832344
"Cell_4666","Cell_4666","Astrocyte",-1554.491901,-3309.232958
"Cell_4991","Cell_4991","Astrocyte",-3150.229822,-3552.443053
"Cell_2069","Cell_2069","Excitatory",-2711.087883,-3807.55256
"Cell_2242","Cell_2242","Inhibitory",-2438.886283,-3735.706824
"Cell_660","Cell_660","Inhibitory",-2987.01693,-2761.332251
"Cell_6","Cell_6","Astrocyte",-3318.58731,-3978.032554
"Cell_4480","Cell_4480","Inhibitory",-1698.372182,-4017.678203
"Cell_47","Cell_47","Inhibitory",-3306.227204,-3987.149522
"Cell_3357","Cell_3357","Excitatory",-2288.875157,-3737.264187
"Cell_4921","Cell_4921","Inhibitory",-1673.024973,-2320.467179
"Cell_4084","Cell_4084","Excitatory",-1894.386824,-2485.184501
"Cell_3503","Cell_3503","Inhibitory",-1977.099942,-3815.322176
"Cell_4415","Cell_4415","Excitatory",-1784.211115,-3675.117178
"Cell_4053","Cell_4053","Excitatory",-1924.203439,-2527.853249
"Cell_4815","Cell_4815","OD Immature",-1622.683339,-2743.563338
"Cell_633","Cell_633","Inhibitory",-3040.728745,-2797.78843
"Cell_5283","Cell_5283","Excitatory",-1741.780604,-2286.784456
"Cell_2012","Cell_2012","Excitatory",-2620.3699,-3655.364296
"Cell_2968","Cell_2968","Inhibitory",-2173.46496,-2771.747989
"Cell_2356","Cell_2356","Excitatory",-2518.469376,-3425.125513
"Cell_1799","Cell_1799","Inhibitory",-2722.001418,-2900.731066
"Cell_4638","Cell_4638","OD Mature",-1684.625722,-3409.790764
"Cell_4719","Cell_4719","Inhibitory",-1567.657893,-3175.662391
"Cell_655","Cell_655","Excitatory",-3046.257019,-2806.588404
"Cell_4585","Cell_4585","Inhibitory",-1671.597013,-3603.888471
"Cell_1525","Cell_1525","Astrocyte",-2857.633087,-2338.598862
"Cell_2419","Cell_2419","Ependymal",-2453.88645,-3443.548039
"Cell_3178","Cell_3178","Excitatory",-2314.710378,-3301.60668
"Cell_4311","Cell_4311","OD Immature",-1828.277373,-3388.428117
"Cell_1645","Cell_1645","OD Mature",-2553.276228,-2522.283701
"Cell_1072","Cell_1072","Inhibitory",-2928.92945,-3681.190008
"Cell_852","Cell_852","Inhibitory",-3125.460228,-3608.332122
"Cell_3525","Cell_3525","Excitatory",-2131.044261,-3564.951846
"Cell_50","Cell_50","Endothelial",-3196.890653,-3913.675057
"Cell_4660","Cell_4660","Astrocyte",-1565.018592,-3312.70572
"Cell_3307","Cell_3307","Excitatory",-2191.95191,-3599.56852
"Cell_4435","Cell_4435","Astrocyte",-1854.893511,-3929.941279
"Cell_4708","Cell_4708","Endothelial",-1627.672673,-3148.086453
"Cell_439","Cell_439","Inhibitory",-3300.884006,-2522.238095
"Cell_3698","Cell_3698","Inhibitory",-2123.003565,-3229.733059
"Cell_2071","Cell_2071","Excitatory",-2702.40521,-3675.622063
"Cell_3459","Cell_3459","Inhibitory",-2138.985041,-3723.285356
"Cell_4162","Cell_4162","Inhibitory",-1925.150166,-2935.00327
"Cell_912","Cell_912","Endothelial",-3136.427477,-3850.455608
"Cell_2262","Cell_2262","Ependymal",-2504.587479,-3488.404692
"Cell_5291","Cell_5291","Endothelial",-1935.943158,-2791.540259
"Cell_1628","Cell_1628","OD Mature",-2644.805176,-2544.695327
"Cell_3195","Cell_3195","Inhibitory",-2247.169452,-3413.47083
"Cell_2592","Cell_2592","Astrocyte",-2409.438072,-2991.946967
"Cell_4515","Cell_4515","Endothelial",-1565.209612,-3883.674093
"Cell_4769","Cell_4769","Inhibitory",-1611.820424,-2921.250968
"Cell_1326","Cell_1326","Excitatory",-2820.954181,-3030.218776
"Cell_2932","Cell_2932","OD Mature",-2157.5748,-2640.060011
"Cell_4576","Cell_4576","Inhibitory",-1725.019407,-3572.255907
"Cell_1898","Cell_1898","OD Immature",-2572.348866,-3119.102099
"Cell_1487","Cell_1487","Astrocyte",-2827.964814,-2481.296264
"Cell_4487","Cell_4487","Astrocyte",-1639.737076,-4046.896915
"Cell_331","Cell_331","Inhibitory",-3164.031598,-2971.102803
"Cell_3946","Cell_3946","Excitatory",-1962.02488,-2274.807263
"Cell_117","Cell_117","Inhibitory",-3294.786101,-3501.619516
"Cell_743","Cell_743","Inhibitory",-3131.387893,-3223.983677
"Cell_2536","Cell_2536","Astrocyte",-2436.199411,-3131.736962
"Cell_3333","Cell_3333","Pericytes",-2248.139615,-3704.9172
"Cell_777","Cell_777","Excitatory",-2976.433796,-3196.082577
"Cell_2135","Cell_2135","Endothelial",-2731.244093,-3902.046977
"Cell_5252","Cell_5252","OD Immature",-1941.429369,-3271.457637
"Cell_1120","Cell_1120","Excitatory",-2761.715006,-3692.211234
"Cell_3417","Cell_3417","Pericytes",-2210.514352,-3977.062556
"Cell_4077","Cell_4077","Inhibitory",-1794.330756,-2477.977361
"Cell_3168","Cell_3168","Excitatory",-2204.568636,-3242.707687
"Cell_786","Cell_786","Excitatory",-2974.396095,-3095.08048
"Cell_2927","Cell_2927","Astrocyte",-2175.114805,-2555.065294
"Cell_5141","Cell_5141","Endothelial",-2689.678964,-3862.121774
"Cell_1039","Cell_1039","Endothelial",-2795.306333,-3963.41039
"Cell_615","Cell_615","Inhibitory",-3009.29286,-2622.200854
"Cell_551","Cell_551","Endothelial",-3022.169455,-2322.404908
"Cell_666","Cell_666","Inhibitory",-3022.422228,-2808.281102
"Cell_2381","Cell_2381","Ependymal",-2462.587416,-3336.428637
"Cell_5131","Cell_5131","Excitatory",-2545.395291,-3408.278612
"Cell_1807","Cell_1807","Inhibitory",-2728.285639,-2968.953068
"Cell_4254","Cell_4254","Endothelial",-1852.866287,-3115.296434
"Cell_3702","Cell_3702","Inhibitory",-2067.180423,-3177.950088
"Cell_2500","Cell_2500","Excitatory",-2522.226561,-3114.467113
"Cell_2051","Cell_2051","OD Immature",-2703.006594,-3471.320475
"Cell_2521","Cell_2521","Excitatory",-2401.586184,-3154.496604
"Cell_3801","Cell_3801","Inhibitory",-2042.46857,-2724.855823
"Cell_5272","Cell_5272","Excitatory",-2115.490909,-2470.677169
"Cell_2619","Cell_2619","Inhibitory",-2469.994115,-3013.471767
"Cell_4899","Cell_4899","Inhibitory",-1733.45947,-2387.112918
"Cell_1418","Cell_1418","Inhibitory",-2918.849131,-2783.9273
"Cell_3808","Cell_3808","Inhibitory",-2002.215624,-2733.977505
"Cell_2664","Cell_2664","Astrocyte",-2438.405733,-2796.18389
"Cell_4571","Cell_4571","Astrocyte",-1737.772712,-3639.586193
"Cell_376","Cell_376","Excitatory",-3157.755888,-2804.296863
"Cell_4353","Cell_4353","Inhibitory",-1781.32769,-3559.96099
"Cell_4093","Cell_4093","Inhibitory",-1885.125076,-2580.15719
"Cell_884","Cell_884","OD Immature",-2995.16727,-3591.421458
"Cell_1267","Cell_1267","OD Mature",-2770.705875,-3161.351926
"Cell_1208","Cell_1208","Astrocyte",-2819.407407,-3369.606572
"Cell_740","Cell_740","OD Immature",-3137.137314,-3073.653525
"Cell_4290","Cell_4290","Excitatory",-1826.311072,-3355.312659
"Cell_774","Cell_774","OD Immature",-2987.142729,-3085.605574
"Cell_4144","Cell_4144","Inhibitory",-1923.843288,-2853.76499
"Cell_4920","Cell_4920","Inhibitory",-1674.796005,-2401.744927
"Cell_1655","Cell_1655","OD Mature",-2659.894072,-2557.88119
"Cell_3046","Cell_3046","Microglia",-2196.810018,-2924.154439
"Cell_3861","Cell_3861","Excitatory",-2038.386047,-2550.821674
"Cell_4787","Cell_4787","Inhibitory",-1687.270061,-2957.985927
"Cell_3044","Cell_3044","Inhibitory",-2201.386242,-3036.642267
"Cell_1942","Cell_1942","Inhibitory",-2593.26993,-3444.326009
"Cell_1207","Cell_1207","Endothelial",-2823.706663,-3396.099413
"Cell_3370","Cell_3370","Endothelial",-2314.41657,-4002.38094
"Cell_4439","Cell_4439","Endothelial",-1818.248046,-3943.678348
"Cell_3486","Cell_3486","Excitatory",-2036.999279,-3826.389721
"Cell_3733","Cell_3733","Astrocyte",-2037.957402,-3031.596933
"Cell_3951","Cell_3951","Excitatory",-2071.420591,-2302.955336
"Cell_3564","Cell_3564","Inhibitory",-2138.768894,-3527.351856
"Cell_3021","Cell_3021","Inhibitory",-2276.375267,-3055.339493
"Cell_4648","Cell_4648","Inhibitory",-1619.000903,-3337.133807
"Cell_2677","Cell_2677","OD Mature",-2535.595427,-2539.066929
"Cell_5072","Cell_5072","Inhibitory",-2745.316931,-3216.390084
"Cell_2541","Cell_2541","Ependymal",-2401.32713,-3251.232222
"Cell_1856","Cell_1856","Excitatory",-2590.209256,-3212.652159
"Cell_274","Cell_274","Astrocyte",-3208.167112,-3182.954774
"Cell_1795","Cell_1795","Inhibitory",-2557.273057,-2901.070368
"Cell_4661","Cell_4661","Astrocyte",-1563.987268,-3270.792449
"Cell_2920","Cell_2920","OD Mature",-2255.33008,-2625.79499
"Cell_5033","Cell_5033","OD Mature",-2999.142538,-3061.006326
"Cell_492","Cell_492","Inhibitory",-3187.715791,-2346.667225
"Cell_1664","Cell_1664","OD Mature",-2622.648924,-2581.486736
"Cell_2142","Cell_2142","Pericytes",-2712.022626,-3996.525955
"Cell_2072","Cell_2072","Excitatory",-2703.264781,-3789.768299
"Cell_4235","Cell_4235","Astrocyte",-1813.490358,-3077.792098
"Cell_3656","Cell_3656","Inhibitory",-2075.561144,-3125.421016
"Cell_843","Cell_843","Astrocyte",-2994.814993,-3397.837042
"Cell_943","Cell_943","Astrocyte",-2956.594057,-3813.337933
"Cell_2290","Cell_2290","Excitatory",-2436.725319,-3643.512587
"Cell_142","Cell_142","Inhibitory",-3202.986527,-3638.784217
"Cell_3904","Cell_3904","OD Mature",-2013.903835,-2651.001388
"Cell_241","Cell_241","Inhibitory",-3223.155206,-3100.413732
"Cell_704","Cell_704","OD Mature",-2992.402101,-3007.453324
"Cell_1206","Cell_1206","Excitatory",-2831.436615,-3407.820949
"Cell_2672","Cell_2672","OD Mature",-2451.804406,-2683.09316
"Cell_4236","Cell_4236","Excitatory",-1810.411228,-3143.800414
"Cell_1456","Cell_1456","Inhibitory",-2793.999875,-2531.790787
"Cell_1296","Cell_1296","Excitatory",-2848.491452,-3172.162076
"Cell_3274","Cell_3274","Inhibitory",-2211.821423,-3500.002813
"Cell_4086","Cell_4086","OD Immature",-1792.209617,-2643.087314
"Cell_1147","Cell_1147","Excitatory",-2815.406162,-3639.237556
"Cell_4368","Cell_4368","OD Mature",-1892.012083,-3658.833178
"Cell_4259","Cell_4259","Inhibitory",-1856.18208,-3170.004537
"Cell_2121","Cell_2121","OD Immature",-2732.05739,-3808.793249
"Cell_2558","Cell_2558","Excitatory",-2503.766115,-2985.192461
"Cell_2193","Cell_2193","Endothelial",-2479.23514,-3765.855581
"Cell_4556","Cell_4556","Inhibitory",-1609.220629,-3774.213036
"Cell_1545","Cell_1545","OD Immature",-2766.861791,-2415.910449
"Cell_4687","Cell_4687","Endothelial",-1720.304979,-3451.377151
"Cell_1349","Cell_1349","Inhibitory",-2770.698767,-3031.571001
"Cell_537","Cell_537","OD Mature",-2999.358786,-2330.843842
"Cell_3952","Cell_3952","OD Mature",-2069.670191,-2353.809766
"Cell_2612","Cell_2612","Excitatory",-2433.830924,-2998.668013
"Cell_4272","Cell_4272","Excitatory",-1836.080779,-3212.206809
"Cell_714","Cell_714","Excitatory",-2997.661069,-3026.865765
"Cell_2117","Cell_2117","OD Immature",-2605.153499,-3739.657168
"Cell_2009","Cell_2009","Astrocyte",-2632.717129,-3549.508443
"Cell_2880","Cell_2880","Microglia",-2195.957941,-2563.421286
"Cell_4942","Cell_4942","Inhibitory",-1572.918706,-2426.684935
"Cell_3337","Cell_3337","Astrocyte",-2215.320548,-3829.265398
"Cell_3414","Cell_3414","Pericytes",-2247.880147,-3934.857941
"Cell_778","Cell_778","Inhibitory",-2973.524156,-3137.495424
"Cell_688","Cell_688","Endothelial",-3071.423358,-3026.280889
"Cell_426","Cell_426","Inhibitory",-3177.715887,-2499.193632
"Cell_4647","Cell_4647","Inhibitory",-1623.301275,-3411.190197
"Cell_3101","Cell_3101","Excitatory",-2309.406403,-3235.059605
"Cell_2614","Cell_2614","Excitatory",-2355.276117,-3017.199868
"Cell_4783","Cell_4783","Inhibitory",-1588.955575,-3036.796627
"Cell_370","Cell_370","Inhibitory",-3175.023003,-2789.310841
"Cell_349","Cell_349","Excitatory",-3267.868356,-2855.829906
"Cell_4325","Cell_4325","Inhibitory",-1913.425517,-3486.953531
"Cell_4244","Cell_4244","Astrocyte",-1772.467471,-3249.81314
"Cell_4078","Cell_4078","Inhibitory",-1783.604071,-2613.89707
"Cell_3721","Cell_3721","Excitatory",-2080.333752,-2895.379504
"Cell_1455","Cell_1455","Inhibitory",-2804.445214,-2549.913637
"Cell_1384","Cell_1384","Inhibitory",-2864.189586,-2803.353244
"Cell_5111","Cell_5111","OD Mature",-2544.213153,-2537.235913
"Cell_3502","Cell_3502","Excitatory",-1980.020602,-3700.627503
"Cell_4795","Cell_4795","Excitatory",-1628.987211,-2985.326443
"Cell_5085","Cell_5085","Inhibitory",-2746.131259,-2734.783368
"Cell_235","Cell_235","Microglia",-3263.765586,-3253.886498
"Cell_3645","Cell_3645","Inhibitory",-2110.392928,-3322.562564
"Cell_782","Cell_782","Excitatory",-3006.073018,-3219.280683
"Cell_356","Cell_356","Inhibitory",-3236.175,-2683.689964
"Cell_4079","Cell_4079","Inhibitory",-1781.535687,-2512.631872
"Cell_3045","Cell_3045","Inhibitory",-2196.468851,-2960.371205
"Cell_1102","Cell_1102","Astrocyte",-2773.823072,-3808.075894
"Cell_3699","Cell_3699","Excitatory",-2121.836288,-3236.275165
"Cell_5235","Cell_5235","Endothelial",-2023.402786,-3867.992427
"Cell_2833","Cell_2833","Excitatory",-2161.24695,-2285.054676
"Cell_4398","Cell_4398","Inhibitory",-1837.379283,-3765.276615
"Cell_2144","Cell_2144","Endothelial",-2705.53487,-4013.178176
"Cell_553","Cell_553","OD Mature",-2959.800342,-2284.778601
"Cell_1712","Cell_1712","OD Mature",-2615.255503,-2753.719008
"Cell_3023","Cell_3023","Excitatory",-2265.908984,-2887.021887
"Cell_5254","Cell_5254","Excitatory",-2093.968873,-3074.523158
"Cell_1946","Cell_1946","Excitatory",-2589.331972,-3330.633207
"Cell_4805","Cell_4805","Inhibitory",-1692.773537,-2781.858494
"Cell_1823","Cell_1823","Inhibitory",-2637.590811,-2893.205441
"Cell_3958","Cell_3958","OD Mature",-1976.798093,-2320.378718
"Cell_2187","Cell_2187","Endothelial",-2524.035175,-3793.774856
"Cell_1748","Cell_1748","Inhibitory",-2726.564521,-3009.19197
"Cell_4128","Cell_4128","Inhibitory",-1838.449591,-2827.428423
"Cell_2011","Cell_2011","Excitatory",-2630.231788,-3640.413581
"Cell_2109","Cell_2109","Endothelial",-2732.193192,-3736.66241
"Cell_1710","Cell_1710","OD Mature",-2616.655965,-2679.803446
"Cell_4688","Cell_4688","Inhibitory",-1620.578963,-3291.319274
"Cell_1871","Cell_1871","Inhibitory",-2730.76622,-3091.339425
"Cell_1280","Cell_1280","Excitatory",-2889.582565,-3255.370139
"Cell_3034","Cell_3034","Inhibitory",-2232.634397,-2928.646348
"Cell_3849","Cell_3849","OD Mature",-2111.692746,-2528.988886
"Cell_1630","Cell_1630","Microglia",-2636.71246,-2573.37788
"Cell_707","Cell_707","Inhibitory",-2987.578699,-2942.252265
"Cell_1381","Cell_1381","Inhibitory",-2883.400584,-2764.260129
"Cell_5060","Cell_5060","Inhibitory",-2742.150092,-3763.334174
"Cell_4819","Cell_4819","Inhibitory",-1610.857629,-2785.99287
"Cell_4054","Cell_4054","OD Mature",-1922.435266,-2481.872538
"Cell_881","Cell_881","Inhibitory",-3012.271214,-3542.149158
"Cell_762","Cell_762","OD Immature",-3038.33735,-3189.249792
"Cell_4995","Cell_4995","Inhibitory",-3175.778508,-3266.229321
"Cell_3818","Cell_3818","Inhibitory",-1959.023448,-2723.511842
"Cell_979","Cell_979","Endothelial",-2973.972973,-4007.278904
"Cell_687","Cell_687","Inhibitory",-3074.801393,-2926.019419
"Cell_4566","Cell_4566","Inhibitory",-1584.798822,-3835.698342
"Cell_3597","Cell_3597","Inhibitory",-2104.365851,-3402.26219
"Cell_914","Cell_914","OD Immature",-3113.890045,-3784.077671
"Cell_484","Cell_484","Inhibitory",-3319.947084,-2374.361485
"Cell_2022","Cell_2022","Excitatory",-2581.399364,-3538.081725
"Cell_1016","Cell_1016","Pericytes",-2879.078445,-4018.630581
"Cell_950","Cell_950","Astrocyte",-3051.654825,-3672.326564
"Cell_2704","Cell_2704","OD Mature",-2423.258095,-2505.291001
"Cell_1319","Cell_1319","OD Mature",-2883.691721,-3047.842292
"Cell_4419","Cell_4419","OD Mature",-1823.565529,-3812.59748
"Cell_4568","Cell_4568","Inhibitory",-1614.633378,-3823.088829
"Cell_4127","Cell_4127","Inhibitory",-1847.916375,-2793.510913
"Cell_5038","Cell_5038","Inhibitory",-2945.857925,-3165.628978
"Cell_377","Cell_377","Excitatory",-3159.935396,-2732.432318
"Cell_2809","Cell_2809","Astrocyte",-2245.230861,-2348.661427
"Cell_2424","Cell_2424","Astrocyte",-2511.567938,-3380.585251
"Cell_1549","Cell_1549","OD Mature",-2722.159379,-2347.875575
"Cell_4854","Cell_4854","Inhibitory",-1712.014281,-2648.642529
"Cell_3923","Cell_3923","OD Mature",-2075.612673,-2369.323327
"Cell_3445","Cell_3445","Inhibitory",-2044.101744,-3894.775089
"Cell_4132","Cell_4132","Inhibitory",-1823.398294,-2850.76221
"Cell_4599","Cell_4599","Astrocyte",-1600.212062,-3658.787735
"Cell_1654","Cell_1654","OD Mature",-2668.535877,-2643.923224
"Cell_1965","Cell_1965","Excitatory",-2586.496126,-3376.568389
"Cell_2949","Cell_2949","Inhibitory",-2245.577881,-2854.652081
"Cell_2430","Cell_2430","Ependymal",-2500.928084,-3430.110547
"Cell_4908","Cell_4908","Astrocyte",-1715.284209,-2279.884724
"Cell_2015","Cell_2015","Excitatory",-2606.646682,-3606.087754
"Cell_4217","Cell_4217","Astrocyte",-1930.04414,-3135.786465
"Cell_2370","Cell_2370","Ependymal",-2479.876762,-3407.291595
"Cell_3240","Cell_3240","OD Immature",-2209.585628,-3457.048074
"Cell_2640","Cell_2640","OD Mature",-2479.065189,-2688.382186
"Cell_2426","Cell_2426","Ependymal",-2491.629493,-3320.708606
"Cell_2563","Cell_2563","Inhibitory",-2494.396797,-3037.962753
"Cell_4841","Cell_4841","OD Mature",-1555.0822,-2844.693079
"Cell_4208","Cell_4208","Inhibitory",-1840.921631,-3045.56791
"Cell_964","Cell_964","OD Immature",-3074.951179,-3912.504466
"Cell_2740","Cell_2740","OD Mature",-2460.71342,-2479.716911
"Cell_3744","Cell_3744","Inhibitory",-1996.227183,-2956.730662
"Cell_4257","Cell_4257","Endothelial",-1793.37021,-3182.421734
"Cell_3158","Cell_3158","Inhibitory",-2312.902817,-3155.813521
"Cell_162","Cell_162","Inhibitory",-3201.462188,-3570.392893
"Cell_2852","Cell_2852","OD Mature",-2286.179451,-2591.546051
"Cell_626","Cell_626","Astrocyte",-3062.756571,-2676.712376
"Cell_3906","Cell_3906","Endothelial",-2069.201439,-2485.70247
"Cell_3422","Cell_3422","Pericytes",-2246.603534,-3988.946287
"Cell_398","Cell_398","Inhibitory",-3327.573974,-2505.56648
"Cell_862","Cell_862","Microglia",-3092.09274,-3580.974369
"Cell_3835","Cell_3835","Inhibitory",-2138.965822,-2802.963919
"Cell_775","Cell_775","Astrocyte",-2986.9159,-3163.004087
"Cell_1281","Cell_1281","Astrocyte",-2866.314855,-3089.866081
"Cell_4115","Cell_4115","OD Immature",-1889.658419,-2678.998682
"Cell_2998","Cell_2998","OD Mature",-2231.927946,-2676.410432
"Cell_3352","Cell_3352","Excitatory",-2200.383685,-3781.316678
"Cell_4399","Cell_4399","Endothelial",-1832.263897,-3811.528003
"Cell_3395","Cell_3395","Pericytes",-2204.599083,-4000.408366
"Cell_4699","Cell_4699","Inhibitory",-1649.817274,-3202.322124
"Cell_1753","Cell_1753","Inhibitory",-2715.787834,-2872.720148
"Cell_712","Cell_712","Excitatory",-2961.060161,-2880.81995
"Cell_1309","Cell_1309","Astrocyte",-2915.664294,-3056.168823
"Cell_566","Cell_566","Astrocyte",-3121.561829,-2520.421059
"Cell_2752","Cell_2752","Ependymal",-2505.493039,-2289.4173
"Cell_2576","Cell_2576","Inhibitory",-2459.194768,-2889.328724
"Cell_2670","Cell_2670","OD Mature",-2477.228357,-2709.63939
"Cell_621","Cell_621","Inhibitory",-3104.767486,-2821.438284
"Cell_1194","Cell_1194","Endothelial",-2900.965581,-3439.334526
"Cell_684","Cell_684","Inhibitory",-3081.438079,-2956.474407
"Cell_3701","Cell_3701","Inhibitory",-2083.492871,-3205.94082
"Cell_4969","Cell_4969","Inhibitory",-1602.034602,-2371.019802
"Cell_2693","Cell_2693","Microglia",-2470.634767,-2603.726802
"Cell_1248","Cell_1248","Excitatory",-2871.024385,-3238.649918
"Cell_752","Cell_752","Inhibitory",-3089.733142,-3135.971136
"Cell_3476","Cell_3476","Inhibitory",-2073.085371,-3841.400642
"Cell_709","Cell_709","Inhibitory",-2984.397396,-2891.155771
"Cell_1934","Cell_1934","Excitatory",-2626.072078,-3327.435299
"Cell_3401","Cell_3401","Pericytes",-2178.866983,-3967.161994
"Cell_1964","Cell_1964","Inhibitory",-2632.956488,-3454.268018
"Cell_800","Cell_800","Inhibitory",-3020.649102,-3177.345163
"Cell_3836","Cell_3836","Inhibitory",-1994.628004,-2801.782831
"Cell_38","Cell_38","Astrocyte",-3196.063332,-3951.330482
"Cell_4080","Cell_4080","Astrocyte",-1773.200152,-2627.401291
"Cell_2305","Cell_2305","Excitatory",-2373.989146,-3642.785416
"Cell_190","Cell_190","Astrocyte",-3239.102948,-3392.558372
"Cell_1567","Cell_1567","Endothelial",-2660.184375,-2283.224688
"Cell_5275","Cell_5275","OD Mature",-1946.862099,-2433.815566
"Cell_5135","Cell_5135","Inhibitory",-2551.810495,-3474.558218
"Cell_2812","Cell_2812","OD Mature",-2217.917273,-2329.24497
"Cell_1761","Cell_1761","Inhibitory",-2699.065602,-2928.311262
"Cell_248","Cell_248","Inhibitory",-3179.350967,-3197.033488
"Cell_4420","Cell_4420","Inhibitory",-1794.120842,-3810.373479
"Cell_470","Cell_470","Excitatory",-3231.586563,-2315.805912
"Cell_2524","Cell_2524","Inhibitory",-2532.03157,-3157.938316
"Cell_2214","Cell_2214","Ependymal",-2395.147889,-3857.834563
"Cell_1157","Cell_1157","Astrocyte",-2794.549949,-3503.008934
"Cell_3009","Cell_3009","Inhibitory",-2316.57535,-2988.895576
"Cell_4774","Cell_4774","Endothelial",-1597.435316,-2971.327643
"Cell_1951","Cell_1951","Endothelial",-2569.919907,-3313.440059
"Cell_3877","Cell_3877","Astrocyte",-2082.275779,-2558.095607
"Cell_584","Cell_584","Astrocyte",-3047.917912,-2557.259494
"Cell_4513","Cell_4513","Inhibitory",-1604.509228,-3983.155413
"Cell_4071","Cell_4071","OD Immature",-1831.885807,-2541.51718
"Cell_1335","Cell_1335","Inhibitory",-2798.96332,-2987.188884
"Cell_1078","Cell_1078","Astrocyte",-2905.197047,-3834.602722
"Cell_3494","Cell_3494","Astrocyte",-2021.920078,-3699.033245
"Cell_4548","Cell_4548","Astrocyte",-1576.896251,-3695.731091
"Cell_4761","Cell_4761","Inhibitory",-1663.832262,-3057.535199
"Cell_4383","Cell_4383","Excitatory",-1918.872543,-3717.718812
"Cell_1031","Cell_1031","Endothelial",-2815.646667,-3932.210069
"Cell_3814","Cell_3814","Inhibitory",-1969.304513,-2816.540757
"Cell_2254","Cell_2254","Endothelial",-2519.304483,-3604.955508
"Cell_1646","Cell_1646","Inhibitory",-2738.584659,-2603.686324
"Cell_588","Cell_588","Astrocyte",-3022.803673,-2637.65746
"Cell_2667","Cell_2667","OD Mature",-2380.917568,-2716.408292
"Cell_2373","Cell_2373","Ependymal",-2472.397297,-3314.480472
"Cell_4981","Cell_4981","Inhibitory",-1564.813621,-2318.338135
"Cell_97","Cell_97","OD Mature",-3298.513354,-3758.288309
"Cell_2888","Cell_2888","OD Mature",-2155.774488,-2591.687486
"Cell_4940","Cell_4940","Inhibitory",-1586.857616,-2391.63789
"Cell_1010","Cell_1010","Endothelial",-2892.290836,-3978.613401
"Cell_512","Cell_512","Excitatory",-3116.065805,-2425.935681
"Cell_2802","Cell_2802","Astrocyte",-2329.37357,-2362.174072
"Cell_4316","Cell_4316","Microglia",-1763.555022,-3437.501601
"Cell_2757","Cell_2757","Ependymal",-2477.400419,-2292.385019
"Cell_616","Cell_616","Inhibitory",-3005.072062,-2542.157138
"Cell_3722","Cell_3722","Endothelial",-2078.443885,-2912.03827
"Cell_3748","Cell_3748","Inhibitory",-1980.270486,-2907.391437
"Cell_4618","Cell_4618","Inhibitory",-1697.700012,-3543.298014
"Cell_1465","Cell_1465","OD Mature",-2752.457439,-2642.81981
"Cell_2065","Cell_2065","Excitatory",-2725.902125,-3687.828228
"Cell_2196","Cell_2196","Astrocyte",-2464.367625,-3770.530316
"Cell_1982","Cell_1982","Astrocyte",-2647.996925,-3429.40137
"Cell_64","Cell_64","Endothelial",-3292.873887,-3822.622881
"Cell_3957","Cell_3957","Astrocyte",-1984.965796,-2428.004084
"Cell_2753","Cell_2753","OD Immature",-2506.13689,-2314.640595
"Cell_559","Cell_559","Excitatory",-3076.558722,-2428.867241
"Cell_2892","Cell_2892","OD Mature",-2275.398613,-2649.823307
"Cell_3180","Cell_3180","Inhibitory",-2297.441169,-3339.146398
"Cell_2673","Cell_2673","OD Mature",-2452.889879,-2706.245669
"Cell_816","Cell_816","Inhibitory",-3041.673475,-3377.177948
"Cell_4806","Cell_4806","Astrocyte",-1693.483073,-2750.814654
"Cell_4305","Cell_4305","Endothelial",-1860.408775,-3380.004118
"Cell_1559","Cell_1559","OD Mature",-2674.378189,-2443.03239
"Cell_2717","Cell_2717","OD Mature",-2528.232751,-2588.314818
"Cell_2503","Cell_2503","Astrocyte",-2521.562941,-3097.15536
"Cell_1547","Cell_1547","OD Mature",-2738.254995,-2456.687132
"Cell_5337","Cell_5337","Inhibitory",-1634.2655,-3070.832408
"Cell_1607","Cell_1607","Excitatory",-2660.454623,-2312.130218
"Cell_3336","Cell_3336","Excitatory",-2227.760592,-3700.76114
"Cell_5284","Cell_5284","Microglia",-1901.917782,-2274.286155
"Cell_4746","Cell_4746","OD Immature",-1578.688562,-3165.146829
"Cell_4676","Cell_4676","Inhibitory",-1726.990664,-3282.338124
"Cell_1325","Cell_1325","Pericytes",-2830.422777,-2877.525921
"Cell_1204","Cell_1204","Endothelial",-2839.363451,-3445.149545
"Cell_900","Cell_900","Inhibitory",-3062.821892,-3585.053576
"Cell_4461","Cell_4461","Endothelial",-1770.591711,-4014.014854
"Cell_4629","Cell_4629","Inhibitory",-1554.042889,-3503.07002
"Cell_619","Cell_619","Excitatory",-3137.360643,-2721.432139
"Cell_739","Cell_739","Inhibitory",-3135.804063,-3136.512857
"Cell_4095","Cell_4095","Inhibitory",-1907.938209,-2544.71621
"Cell_3985","Cell_3985","Endothelial",-1892.525883,-2303.55598
"Cell_1244","Cell_1244","Astrocyte",-2881.419846,-3227.457872
"Cell_2035","Cell_2035","Excitatory",-2651.205153,-3626.641744
"Cell_1436","Cell_1436","OD Mature",-2827.995942,-2682.365236
"Cell_1659","Cell_1659","OD Mature",-2574.267664,-2542.483147
"Cell_200","Cell_200","Inhibitory",-3184.84214,-3353.074944
"Cell_4213","Cell_4213","Inhibitory",-1766.652605,-2990.944066
"Cell_3944","Cell_3944","Excitatory",-1975.580953,-2339.288158
"Cell_1499","Cell_1499","OD Mature",-2925.559207,-2333.778633
"Cell_3194","Cell_3194","Excitatory",-2247.190168,-3279.027479
"Cell_1805","Cell_1805","Inhibitory",-2649.240202,-2987.413607
"Cell_779","Cell_779","Excitatory",-3099.521066,-3195.082668
"Cell_2355","Cell_2355","Ependymal",-2519.810204,-3292.96385
"Cell_1577","Cell_1577","Ependymal",-2603.731163,-2384.855855
"Cell_4582","Cell_4582","Astrocyte",-1687.702764,-3505.742071
"Cell_899","Cell_899","Inhibitory",-2960.330653,-3482.842722
"Cell_1766","Cell_1766","Inhibitory",-2674.673097,-2979.219574
"Cell_1318","Cell_1318","Excitatory",-2881.68599,-2920.940187
"Cell_2141","Cell_2141","Endothelial",-2711.928946,-4021.951836
"Cell_531","Cell_531","Astrocyte",-3031.978087,-2305.105395
"Cell_3582","Cell_3582","Astrocyte",-2037.592651,-3508.564643
"Cell_5124","Cell_5124","Inhibitory",-2542.920846,-3090.279678
"Cell_738","Cell_738","Inhibitory",-2979.388407,-2886.850013
"Cell_2768","Cell_2768","Ependymal",-2455.336036,-2296.660945
"Cell_2486","Cell_2486","Ependymal",-2427.709674,-3229.765374
"Cell_1723","Cell_1723","Inhibitory",-2579.971752,-2825.655081
"Cell_5292","Cell_5292","Inhibitory",-1934.539941,-2815.057775
"Cell_17","Cell_17","OD Mature",-3278.670234,-3921.341593
"Cell_1232","Cell_1232","Astrocyte",-2810.455158,-3280.301083
"Cell_1133","Cell_1133","Inhibitory",-2864.683759,-3618.209604
"Cell_3002","Cell_3002","Inhibitory",-2206.580331,-2771.198663
"Cell_3157","Cell_3157","Endothelial",-2316.286823,-3217.300462
"Cell_1531","Cell_1531","Endothelial",-2753.876752,-2411.496334
"Cell_1420","Cell_1420","Inhibitory",-2830.6252,-2772.57068
"Cell_5039","Cell_5039","Inhibitory",-2989.689056,-3268.264061
"Cell_1862","Cell_1862","Pericytes",-2722.413311,-3145.984461
"Cell_3654","Cell_3654","Inhibitory",-2105.832784,-3089.018403
"Cell_1614","Cell_1614","OD Mature",-2711.154224,-2552.710226
"Cell_1850","Cell_1850","Astrocyte",-2620.727847,-3121.309696
"Cell_3436","Cell_3436","Endothelial",-2101.95883,-3877.977419
"Cell_3926","Cell_3926","OD Mature",-2051.155006,-2428.05333
"Cell_5328","Cell_5328","OD Mature",-1697.010815,-3861.291752
"Cell_1793","Cell_1793","Inhibitory",-2563.403952,-2935.697472
"Cell_2233","Cell_2233","Excitatory",-2391.969548,-3681.041793
"Cell_3768","Cell_3768","Inhibitory",-2107.9132,-2988.736959
"Cell_3562","Cell_3562","OD Mature",-1953.634855,-3591.143817
"Cell_2446","Cell_2446","Excitatory",-2531.384207,-3132.046858
"Cell_1941","Cell_1941","Excitatory",-2604.702597,-3410.002508
"Cell_2156","Cell_2156","Inhibitory",-2703.833077,-4028.755887
"Cell_3805","Cell_3805","Endothelial",-2019.3376,-2743.051675
"Cell_3426","Cell_3426","Endothelial",-2267.199354,-3950.239587
"Cell_3290","Cell_3290","Excitatory",-2309.278449,-3552.327649
"Cell_1165","Cell_1165","Excitatory",-2778.672085,-3546.366923
"Cell_4509","Cell_4509","OD Mature",-1655.494373,-3933.965056
"Cell_1679","Cell_1679","Inhibitory",-2712.725383,-2834.123081
"Cell_3709","Cell_3709","Endothelial",-1970.409088,-3244.466403
"Cell_4123","Cell_4123","Endothelial",-1862.607723,-2744.457054
"Cell_611","Cell_611","Endothelial",-3126.292447,-2644.093704
"Cell_3550","Cell_3550","OD Mature",-2016.993918,-3475.894428
"Cell_1177","Cell_1177","Excitatory",-2810.654957,-3579.099117
"Cell_1268","Cell_1268","Astrocyte",-2768.732571,-3124.643408
"Cell_4226","Cell_4226","Inhibitory",-1877.581259,-3177.197658
"Cell_2086","Cell_2086","Excitatory",-2652.93527,-3800.421546
"Cell_2047","Cell_2047","OD Immature",-2664.484278,-3626.387003
"Cell_4137","Cell_4137","Inhibitory",-1786.086556,-2779.728905
"Cell_3927","Cell_3927","OD Immature",-2043.436937,-2307.384587
"Cell_692","Cell_692","Excitatory",-3052.546128,-3014.286416
"Cell_906","Cell_906","Inhibitory",-3091.57933,-3659.406963
"Cell_4872","Cell_4872","Inhibitory",-1638.225704,-2498.41016
"Cell_30","Cell_30","Endothelial",-3221.192096,-4007.758669
"Cell_4241","Cell_4241","Excitatory",-1796.730198,-3212.790942
"Cell_4146","Cell_4146","Inhibitory",-1867.922433,-2789.189262
"Cell_4309","Cell_4309","OD Immature",-1926.299076,-3386.67092
"Cell_89","Cell_89","Excitatory",-3193.117731,-3839.841386
"Cell_3700","Cell_3700","Excitatory",-2085.428901,-3199.969286
"Cell_3139","Cell_3139","Inhibitory",-2174.828182,-3083.249816
"Cell_3181","Cell_3181","Endothelial",-2288.2945,-3389.078933
"Cell_3905","Cell_3905","Astrocyte",-1958.184503,-2590.548759
"Cell_3840","Cell_3840","Inhibitory",-1983.043015,-2829.793476
"Cell_1581","Cell_1581","Ependymal",-2600.633709,-2354.011145
"Cell_3560","Cell_3560","Astrocyte",-1967.805682,-3524.659672
"Cell_5107","Cell_5107","Ependymal",-2620.455416,-2463.108641
"Cell_4927","Cell_4927","Excitatory",-1645.461344,-2276.692432
"Cell_2444","Cell_2444","Excitatory",-2528.000565,-3414.637878
"Cell_3499","Cell_3499","Inhibitory",-1997.995538,-3836.961168
"Cell_5041","Cell_5041","Inhibitory",-2986.895828,-3462.025895
"Cell_2861","Cell_2861","OD Immature",-2265.364929,-2550.581804
"Cell_483","Cell_483","Astrocyte",-3160.256911,-2348.413085
"Cell_49","Cell_49","Astrocyte",-3239.642928,-3930.334951
"Cell_3535","Cell_3535","Endothelial",-2091.787746,-3661.028545
"Cell_1752","Cell_1752","Astrocyte",-2718.241044,-2978.942245
"Cell_1310","Cell_1310","Inhibitory",-2912.994879,-2873.985915
"Cell_1576","Cell_1576","Ependymal",-2605.814919,-2359.581656
"Cell_5077","Cell_5077","Inhibitory",-2762.997269,-2865.960384
"Cell_73","Cell_73","Excitatory",-3264.089091,-3839.132946
"Cell_4247","Cell_4247","Inhibitory",-1756.433222,-3144.695345
"Cell_1185","Cell_1185","Inhibitory",-2935.907312,-3435.760131
"Cell_2097","Cell_2097","Excitatory",-2611.012025,-3690.107784
"Cell_4245","Cell_4245","Astrocyte",-1773.916075,-3152.726656
"Cell_5176","Cell_5176","Inhibitory",-2349.829783,-2960.025766
"Cell_1515","Cell_1515","Endothelial",-2787.796718,-2409.119254
"Cell_1580","Cell_1580","Ependymal",-2599.798524,-2437.017037
"Cell_1048","Cell_1048","Endothelial",-2754.227456,-4049.618015
"Cell_4886","Cell_4886","Astrocyte",-1607.22245,-2538.871671
"Cell_2443","Cell_2443","Excitatory",-2429.221227,-3322.499982
"Cell_388","Cell_388","Inhibitory",-3220.20537,-2750.644282
"Cell_246","Cell_246","OD Immature",-3186.228333,-3244.66654
"Cell_833","Cell_833","Astrocyte",-3068.294168,-3321.894077
"Cell_518","Cell_518","Excitatory",-3099.174503,-2445.064796
"Cell_1885","Cell_1885","Microglia",-2732.901329,-3226.040349
"Cell_5306","Cell_5306","Excitatory",-1740.087737,-3210.212999
"Cell_3977","Cell_3977","Excitatory",-1916.848154,-2374.480205
"Cell_423","Cell_423","OD Mature",-3189.223764,-2626.201376
"Cell_3852","Cell_3852","Endothelial",-2099.030895,-2500.883429
"Cell_4752","Cell_4752","Inhibitory",-1723.127372,-2973.476457
"Cell_3853","Cell_3853","Excitatory",-2098.421094,-2581.195004
"Cell_5220","Cell_5220","Endothelial",-2300.580129,-3461.035148
"Cell_4594","Cell_4594","OD Mature",-1635.824423,-3530.420267
"Cell_5167","Cell_5167","Excitatory",-2376.06859,-3269.026096
"Cell_2064","Cell_2064","Endothelial",-2728.27138,-3849.7619
"Cell_401","Cell_401","Inhibitory",-3303.390285,-2499.402827
"Cell_744","Cell_744","Inhibitory",-3127.728486,-3205.29217
"Cell_5070","Cell_5070","Microglia",-2844.325568,-3068.280755
"Cell_2488","Cell_2488","OD Immature",-2416.158138,-3080.0169
"Cell_1729","Cell_1729","Endothelial",-2552.226413,-2814.243054
"Cell_4321","Cell_4321","Inhibitory",-1932.663186,-3650.446791
"Cell_4756","Cell_4756","Endothelial",-1693.050026,-2874.230662
"Cell_4768","Cell_4768","Inhibitory",-1612.451593,-3034.058107
"Cell_785","Cell_785","Endothelial",-2981.611378,-3112.221495
"Cell_3960","Cell_3960","OD Mature",-2105.626044,-2355.544551
"Cell_2685","Cell_2685","OD Immature",-2494.595496,-2518.21853
"Cell_1332","Cell_1332","Excitatory",-2798.127861,-2976.881274
"Cell_4652","Cell_4652","Inhibitory",-1600.200711,-3439.041603
"Cell_2820","Cell_2820","OD Mature",-2170.200097,-2369.118881
"Cell_4931","Cell_4931","Inhibitory",-1626.606641,-2426.532876
"Cell_4052","Cell_4052","Astrocyte",-1929.074101,-2590.138293
"Cell_3098","Cell_3098","Inhibitory",-2317.275679,-3110.658897
"Cell_300","Cell_300","Excitatory",-3261.069816,-2991.167168
"Cell_4911","Cell_4911","Astrocyte",-1702.264175,-2352.408516
"Cell_5088","Cell_5088","OD Mature",-2747.509453,-2673.002381
"Cell_3687","Cell_3687","Excitatory",-2120.614044,-3138.690906
"Cell_4417","Cell_4417","Inhibitory",-1756.765237,-3754.035096
"Cell_1099","Cell_1099","Astrocyte",-2819.696674,-3704.252127
"Cell_4998","Cell_4998","Inhibitory",-3312.577466,-3072.17772
"Cell_3165","Cell_3165","Excitatory",-2231.707862,-3117.880205
"Cell_4237","Cell_4237","Microglia",-1811.565951,-3156.796399
"Cell_1776","Cell_1776","Inhibitory",-2621.212067,-3026.342052
"Cell_2218","Cell_2218","Astrocyte",-2385.295276,-3850.750865
"Cell_2848","Cell_2848","OD Mature",-2299.856396,-2610.209978
"Cell_5094","Cell_5094","OD Mature",-2757.914793,-2661.445438
"Cell_3517","Cell_3517","Inhibitory",-2039.639725,-3681.942706
"Cell_3026","Cell_3026","Inhibitory",-2258.954587,-3006.910071
"Cell_3771","Cell_3771","Excitatory",-2041.75923,-2968.827037
"Cell_2207","Cell_2207","Microglia",-2419.780238,-3802.384981
"Cell_1412","Cell_1412","Inhibitory",-2754.167212,-2811.174014
"Cell_4663","Cell_4663","Inhibitory",-1559.571843,-3358.550621
"Cell_627","Cell_627","OD Immature",-3062.362591,-2751.713001
"Cell_570","Cell_570","Inhibitory",-3115.278259,-2606.251031
"Cell_4268","Cell_4268","OD Immature",-1913.071452,-3216.169458
"Cell_1215","Cell_1215","Excitatory",-2794.072889,-3421.888947
"Cell_4409","Cell_4409","Inhibitory",-1763.839485,-3699.401128
"Cell_5178","Cell_5178","Inhibitory",-2346.69386,-2995.589574
"Cell_2789","Cell_2789","Endothelial",-2376.69824,-2416.898601
"Cell_5196","Cell_5196","Ependymal",-2386.575689,-2459.656166
"Cell_1818","Cell_1818","Excitatory",-2717.576737,-2946.447577
"Cell_3524","Cell_3524","Endothelial",-2139.170062,-3612.34341
"Cell_4004","Cell_4004","Astrocyte",-1835.44897,-2369.606827
"Cell_2643","Cell_2643","OD Mature",-2449.504518,-2811.067553
"Cell_5119","Cell_5119","Inhibitory",-2549.010721,-2871.842667
"Cell_347","Cell_347","Astrocyte",-3274.636451,-2769.937994
"Cell_3959","Cell_3959","OD Mature",-1953.995023,-2291.988463
"Cell_578","Cell_578","Inhibitory",-3075.24565,-2585.414567
"Cell_5286","Cell_5286","Microglia",-1776.59956,-2463.025262
"Cell_1105","Cell_1105","Inhibitory",-2850.29402,-3770.035555
"Cell_763","Cell_763","Inhibitory",-3033.060181,-3073.984598
"Cell_126","Cell_126","Inhibitory",-3237.363259,-3604.43531
"Cell_5154","Cell_5154","Excitatory",-2346.480697,-3629.951421
"Cell_4724","Cell_4724","Inhibitory",-1671.344102,-3115.301404
"Cell_4098","Cell_4098","Endothelial",-1884.465701,-2558.955447
"Cell_4163","Cell_4163","Inhibitory",-1924.431373,-3018.49218
"Cell_3663","Cell_3663","Pericytes",-2040.099216,-3251.92518
"Cell_4195","Cell_4195","Excitatory",-1782.674695,-2977.568775
"Cell_3003","Cell_3003","Inhibitory",-2167.630181,-2851.750246
"Cell_4533","Cell_4533","Inhibitory",-1667.41163,-3673.412866
"Cell_4233","Cell_4233","Inhibitory",-1840.684059,-3076.546404
"Cell_1508","Cell_1508","Excitatory",-2852.028896,-2365.257361
"Cell_1872","Cell_1872","Inhibitory",-2700.63748,-3096.55701
"Cell_4145","Cell_4145","Inhibitory",-1869.075398,-2818.132676
"Cell_5061","Cell_5061","Astrocyte",-2750.350577,-3820.167743
"Cell_4230","Cell_4230","Endothelial",-1855.979051,-3106.260795
"Cell_1718","Cell_1718","OD Mature",-2600.928828,-2701.32927
"Cell_111","Cell_111","Inhibitory",-3327.349755,-3622.141054
"Cell_1080","Cell_1080","Endothelial",-2900.224354,-3753.949272
"Cell_143","Cell_143","Endothelial",-3166.98987,-3608.384858
"Cell_3268","Cell_3268","Endothelial",-2248.36738,-3541.377157
"Cell_4170","Cell_4170","Inhibitory",-1900.536252,-2962.251039
"Cell_1870","Cell_1870","Excitatory",-2567.824591,-3236.486694
"Cell_2987","Cell_2987","Astrocyte",-2208.243004,-2790.235671
"Cell_4116","Cell_4116","OD Immature",-1889.027241,-2755.075279
"Cell_4959","Cell_4959","Inhibitory",-1567.494367,-2344.181643
"Cell_3122","Cell_3122","Inhibitory",-2238.501968,-3100.910052
"Cell_4773","Cell_4773","Endothelial",-1590.406133,-2929.337375
"Cell_5282","Cell_5282","Inhibitory",-1743.359838,-2425.605763
"Cell_823","Cell_823","Inhibitory",-3010.392605,-3318.062676
"Cell_4156","Cell_4156","OD Immature",-1935.407745,-2969.215547
"Cell_3202","Cell_3202","Inhibitory",-2214.16952,-3422.747082
"Cell_2155","Cell_2155","Pericytes",-2555.295409,-3884.842547
"Cell_4677","Cell_4677","Endothelial",-1725.085708,-3388.9373
"Cell_5323","Cell_5323","Inhibitory",-1738.514843,-3895.881414
"Cell_4766","Cell_4766","Endothelial",-1617.443358,-3062.688103
"Cell_2595","Cell_2595","Inhibitory",-2392.53434,-2939.071296
"Cell_3029","Cell_3029","Inhibitory",-2251.327112,-2930.294523
"Cell_3762","Cell_3762","Excitatory",-1992.415015,-2887.152282
"Cell_2447","Cell_2447","Inhibitory",-2532.605467,-3071.387273
"Cell_3963","Cell_3963","OD Mature",-1954.730246,-2410.419519
"Cell_1530","Cell_1530","Endothelial",-2758.674379,-2414.30695
"Cell_3966","Cell_3966","OD Mature",-2086.664281,-2404.86985
"Cell_813","Cell_813","OD Immature",-3059.339365,-3287.919496
"Cell_980","Cell_980","Endothelial",-2974.275843,-3939.832767
"Cell_4301","Cell_4301","OD Mature",-1913.199621,-3440.212623
"Cell_4075","Cell_4075","Inhibitory",-1804.439635,-2653.975739
"Cell_2111","Cell_2111","Excitatory",-2634.371855,-3716.193584
"Cell_440","Cell_440","Excitatory",-3169.139241,-2566.345953
"Cell_3131","Cell_3131","Inhibitory",-2198.585329,-3076.39911
"Cell_3107","Cell_3107","Inhibitory",-2289.599458,-3136.158017
"Cell_281","Cell_281","Microglia",-3292.119703,-3240.840271
"Cell_1479","Cell_1479","OD Mature",-2799.270385,-2512.065073
"Cell_4034","Cell_4034","Inhibitory",-1800.152346,-2340.795877
"Cell_4050","Cell_4050","OD Mature",-1936.131659,-2554.577279
"Cell_453","Cell_453","Inhibitory",-3322.550591,-2319.129168
"Cell_1589","Cell_1589","Ependymal",-2567.802053,-2374.237363
"Cell_32","Cell_32","OD Immature",-3217.252291,-3915.506215
"Cell_5293","Cell_5293","Inhibitory",-1883.821493,-2859.06234
"Cell_4457","Cell_4457","Excitatory",-1902.802255,-3888.93087
"Cell_5276","Cell_5276","Excitatory",-1911.575074,-2471.993679
"Cell_695","Cell_695","Excitatory",-3043.93502,-2882.288835
"Cell_556","Cell_556","Excitatory",-3126.144753,-2381.546383
"Cell_271","Cell_271","OD Immature",-3233.561018,-3211.789386
"Cell_908","Cell_908","Inhibitory",-3031.646359,-3586.2972
"Cell_944","Cell_944","Inhibitory",-3132.769011,-3783.609536
"Cell_136","Cell_136","Endothelial",-3164.938652,-3490.215407
"Cell_4000","Cell_4000","Excitatory",-1851.244432,-2314.349067
"Cell_3130","Cell_3130","Endothelial",-2199.409253,-3218.457314
"Cell_4389","Cell_4389","Inhibitory",-1883.616918,-3748.519171
"Cell_305","Cell_305","Inhibitory",-3239.902865,-2918.623349
"Cell_3210","Cell_3210","Astrocyte",-2180.826255,-3377.504825
"Cell_3463","Cell_3463","Excitatory",-2112.952954,-3691.588249
"Cell_4510","Cell_4510","OD Mature",-1633.844545,-4011.432322
"Cell_5012","Cell_5012","OD Mature",-3276.151603,-2660.277427
"Cell_4586","Cell_4586","Astrocyte",-1660.626628,-3591.710611
"Cell_1163","Cell_1163","Endothelial",-2782.521488,-3595.918624
"Cell_2","Cell_2","Inhibitory",-3332.574884,-3908.475777
"Cell_593","Cell_593","Astrocyte",-3011.717976,-2544.198395
"Cell_4318","Cell_4318","Inhibitory",-1919.499012,-3452.482386
"Cell_4062","Cell_4062","Excitatory",-1874.985817,-2497.166501
"Cell_1721","Cell_1721","OD Mature",-2583.206821,-2713.712524
"Cell_1634","Cell_1634","Astrocyte",-2617.458406,-2560.848528
"Cell_2962","Cell_2962","OD Mature",-2198.939505,-2691.63998
"Cell_1348","Cell_1348","Inhibitory",-2795.56365,-3021.834798
"Cell_2930","Cell_2930","OD Mature",-2168.761393,-2577.103047
"Cell_1490","Cell_1490","Astrocyte",-2788.604932,-2504.041857
"Cell_930","Cell_930","Pericytes",-3019.348399,-3834.194488
"Cell_5005","Cell_5005","Inhibitory",-3251.53786,-2666.734354
"Cell_2940","Cell_2940","Astrocyte",-2305.090676,-2763.765175
"Cell_508","Cell_508","Inhibitory",-3139.162111,-2334.767751
"Cell_5287","Cell_5287","Astrocyte",-1868.480158,-2665.906223
"Cell_3054","Cell_3054","Inhibitory",-2159.287043,-2986.343289
"Cell_1724","Cell_1724","OD Mature",-2580.244847,-2745.714827
"Cell_43","Cell_43","Endothelial",-3163.875293,-4015.291425
"Cell_1161","Cell_1161","Inhibitory",-2791.321526,-3571.708676
"Cell_766","Cell_766","Excitatory",-3025.483387,-3171.834927
"Cell_4207","Cell_4207","Inhibitory",-1850.439761,-2970.523825
"Cell_2559","Cell_2559","Excitatory",-2506.832323,-3012.216141
"Cell_5169","Cell_5169","Inhibitory",-2490.523435,-3068.148435
"Cell_3237","Cell_3237","Excitatory",-2184.273018,-3425.091236
"Cell_4452","Cell_4452","OD Immature",-1760.33587,-4054.963366
"Cell_1867","Cell_1867","Astrocyte",-2600.91366,-3092.187376
"Cell_4603","Cell_4603","Inhibitory",-1573.160285,-3641.201893
"Cell_5299","Cell_5299","Inhibitory",-1761.645238,-3069.420458
"Cell_4324","Cell_4324","Excitatory",-1924.152226,-3515.110655
"Cell_1284","Cell_1284","Inhibitory",-2798.454808,-3181.74294
"Cell_3799","Cell_3799","Inhibitory",-2045.698213,-2709.145709
"Cell_2343","Cell_2343","Inhibitory",-2402.651689,-3564.348454
"Cell_1824","Cell_1824","Inhibitory",-2634.508309,-3002.728715
"Cell_4067","Cell_4067","Astrocyte",-1838.050768,-2575.216383
"Cell_4340","Cell_4340","Inhibitory",-1845.843006,-3627.274477
"Cell_4673","Cell_4673","OD Mature",-1571.542849,-3452.622792
"Cell_4555","Cell_4555","Excitatory",-1612.748517,-3677.955604
"Cell_2074","Cell_2074","Excitatory",-2688.204862,-3693.654192
"Cell_3377","Cell_3377","Endothelial",-2285.930815,-3991.644776
"Cell_2079","Cell_2079","OD Immature",-2668.900478,-3774.722436
"Cell_3780","Cell_3780","Inhibitory",-2126.859442,-2854.859439
"Cell_1642","Cell_1642","OD Mature",-2565.971839,-2613.079323
"Cell_5253","Cell_5253","Pericytes",-2040.138342,-3266.037097
"Cell_1504","Cell_1504","Excitatory",-2878.780307,-2432.861355
"Cell_3553","Cell_3553","Inhibitory",-2008.308998,-3527.912823
"Cell_3483","Cell_3483","Astrocyte",-2044.727429,-3821.972303
"Cell_4913","Cell_4913","Excitatory",-1696.911327,-2277.850266
"Cell_3824","Cell_3824","Inhibitory",-2013.436933,-2846.216709
"Cell_5044","Cell_5044","Endothelial",-3008.725535,-3465.911353
"Cell_3875","Cell_3875","Microglia",-1961.210582,-2611.309903
"Cell_4039","Cell_4039","OD Mature",-1919.23321,-2279.253753
"Cell_509","Cell_509","Inhibitory",-3138.549221,-2326.112331
"Cell_4864","Cell_4864","Endothelial",-1677.116327,-2611.465079
"Cell_5144","Cell_5144","Endothelial",-2731.642482,-3871.994035
"Cell_3830","Cell_3830","Inhibitory",-2065.190628,-2801.539081
"Cell_1548","Cell_1548","OD Immature",-2732.988683,-2308.394307
"Cell_4392","Cell_4392","Inhibitory",-1875.339567,-3814.824901
"Cell_227","Cell_227","Inhibitory",-3313.937004,-3098.48413
"Cell_3919","Cell_3919","OD Mature",-2099.241627,-2334.130448
"Cell_2718","Cell_2718","OD Mature",-2522.565123,-2520.346043
"Cell_1004","Cell_1004","Pericytes",-2911.730129,-4017.960467
"Cell_2553","Cell_2553","Excitatory",-2521.427777,-2910.230453
"Cell_4248","Cell_4248","Endothelial",-1752.544902,-3251.669737
"Cell_3184","Cell_3184","Inhibitory",-2281.0776,-3457.774627
"Cell_3819","Cell_3819","Astrocyte",-1954.110373,-2736.032716
"Cell_2230","Cell_2230","Excitatory",-2425.542823,-3692.536958
"Cell_579","Cell_579","OD Mature",-3071.659008,-2658.180539
"Cell_2083","Cell_2083","Excitatory",-2652.326343,-3731.737637
"Cell_3908","Cell_3908","OD Mature",-2139.033395,-2422.683396
"Cell_1135","Cell_1135","Inhibitory",-2857.849348,-3509.867838
"Cell_1884","Cell_1884","Inhibitory",-2637.44947,-3220.181071
"Cell_33","Cell_33","Inhibitory",-3218.203205,-4042.739402
"Cell_4697","Cell_4697","Endothelial",-1680.442782,-3090.003913
"Cell_1826","Cell_1826","Inhibitory",-2564.225145,-3041.752686
"Cell_2401","Cell_2401","Endothelial",-2407.744592,-3380.769474
"Cell_3289","Cell_3289","OD Immature",-2154.6727,-3617.64591
"Cell_3982","Cell_3982","Excitatory",-1897.100032,-2373.006016
"Cell_2654","Cell_2654","Microglia",-2389.075518,-2689.267373
"Cell_851","Cell_851","Inhibitory",-3126.194405,-3571.10325
"Cell_2362","Cell_2362","Excitatory",-2511.890477,-3341.412452
"Cell_2442","Cell_2442","Inhibitory",-2427.611097,-3370.374857
"Cell_359","Cell_359","Endothelial",-3233.590011,-2716.008667
"Cell_4798","Cell_4798","OD Mature",-1685.681325,-3030.341632
"Cell_2978","Cell_2978","Endothelial",-2214.446442,-2822.1125
"Cell_4201","Cell_4201","Inhibitory",-1906.060261,-3030.330272
"Cell_3365","Cell_3365","Endothelial",-2338.197151,-4003.109434
"Cell_16","Cell_16","Astrocyte",-3279.716417,-3939.060532
"Cell_2118","Cell_2118","Excitatory",-2712.504819,-3728.482053
"Cell_285","Cell_285","Inhibitory",-3319.600989,-3029.574611
"Cell_1200","Cell_1200","Inhibitory",-2860.692534,-3451.935405
"Cell_2501","Cell_2501","Ependymal",-2488.89377,-3093.560185
"Cell_3540","Cell_3540","Inhibitory",-2045.843951,-3616.287993
"Cell_3013","Cell_3013","Inhibitory",-2303.845322,-3047.269608
"Cell_3192","Cell_3192","Excitatory",-2260.307606,-3395.591651
"Cell_3437","Cell_3437","Microglia",-2093.699704,-3934.636682
"Cell_4429","Cell_4429","Endothelial",-1904.976056,-4043.957065
"Cell_4186","Cell_4186","Astrocyte",-1775.47067,-2911.68619
"Cell_1524","Cell_1524","OD Mature",-2902.82626,-2440.598854
"Cell_3028","Cell_3028","Excitatory",-2252.851773,-2891.791655
"Cell_1364","Cell_1364","Microglia",-2803.111631,-2992.983656
"Cell_4270","Cell_4270","Inhibitory",-1881.093554,-3076.057033
"Cell_4950","Cell_4950","Inhibitory",-1681.462861,-2322.944477
"Cell_1638","Cell_1638","OD Mature",-2606.593244,-2528.015898
"Cell_31","Cell_31","Microglia",-3218.968755,-4030.543418
"Cell_604","Cell_604","OD Mature",-3139.784285,-2492.232889
"Cell_4331","Cell_4331","Inhibitory",-1900.221434,-3632.107715
"Cell_4651","Cell_4651","Excitatory",-1610.297358,-3284.059781
"Cell_3604","Cell_3604","Microglia",-2071.49507,-3425.921422
"Cell_5237","Cell_5237","Inhibitory",-1948.611057,-3742.950623
"Cell_2714","Cell_2714","OD Mature",-2369.198025,-2506.807846
"Cell_4017","Cell_4017","Inhibitory",-1782.478334,-2418.213977
"Cell_4710","Cell_4710","Inhibitory",-1608.224489,-3112.422192
"Cell_2178","Cell_2178","Pericytes",-2529.718542,-3879.918531
"Cell_4974","Cell_4974","Inhibitory",-1564.416301,-2388.469624
"Cell_2830","Cell_2830","Inhibitory",-2324.333728,-2313.202661
"Cell_1350","Cell_1350","Astrocyte",-2757.895413,-2967.350277
"Cell_2840","Cell_2840","OD Mature",-2333.73393,-2515.04387
"Cell_373","Cell_373","Inhibitory",-3167.854663,-2824.949584
"Cell_4222","Cell_4222","Excitatory",-1897.877749,-3172.393641
"Cell_5008","Cell_5008","Excitatory",-3143.963535,-2833.369001
"Cell_4992","Cell_4992","Microglia",-3149.945622,-3545.496003
"Cell_3300","Cell_3300","Microglia",-2314.317941,-3482.057289
"Cell_4511","Cell_4511","Inhibitory",-1619.431927,-3933.458241
"Cell_1111","Cell_1111","Inhibitory",-2772.481713,-3783.586761
"Cell_5204","Cell_5204","OD Mature",-2339.949685,-2651.310315
"Cell_1045","Cell_1045","Endothelial",-2773.758037,-4047.395459
"Cell_214","Cell_214","Inhibitory",-3167.840781,-3452.084256
"Cell_793","Cell_793","OD Immature",-3072.019958,-3165.364966
"Cell_4541","Cell_4541","Inhibitory",-1623.628307,-3762.442494
"Cell_3529","Cell_3529","Astrocyte",-2113.707615,-3640.528376
"Cell_5188","Cell_5188","Ependymal",-2540.454305,-2365.59423
"Cell_2514","Cell_2514","Ependymal",-2479.574524,-3213.239367
"Cell_170","Cell_170","Astrocyte",-3333.473968,-3355.293546
"Cell_4705","Cell_4705","Endothelial",-1642.515142,-3231.711744
"Cell_1073","Cell_1073","Inhibitory",-2926.005785,-3706.181278
"Cell_1467","Cell_1467","Endothelial",-2905.595622,-2615.931541
"Cell_3673","Cell_3673","Inhibitory",-1998.224995,-3122.639132
"Cell_4390","Cell_4390","Endothelial",-1879.683989,-3775.905521
"Cell_130","Cell_130","Inhibitory",-3212.179955,-3518.779519
"Cell_1025","Cell_1025","Endothelial",-2837.421776,-3876.823119
"Cell_4691","Cell_4691","Inhibitory",-1722.097647,-3186.551356
"Cell_1094","Cell_1094","Excitatory",-2850.51795,-3819.280383
"Cell_4302","Cell_4302","Inhibitory",-1895.533628,-3330.818765
"Cell_1151","Cell_1151","Excitatory",-2811.285458,-3485.21508
"Cell_2603","Cell_2603","Inhibitory",-2363.517617,-3036.866369
"Cell_3915","Cell_3915","OD Mature",-2116.765624,-2284.138432
"Cell_1077","Cell_1077","Excitatory",-2909.659271,-3682.222727
"Cell_433","Cell_433","Inhibitory",-3241.963061,-2514.192235
"Cell_3986","Cell_3986","Excitatory",-1886.766878,-2432.485947
"Cell_3344","Cell_3344","Excitatory",-2171.533116,-3688.098455
"Cell_4890","Cell_4890","Inhibitory",-1714.226118,-2498.217013
"Cell_57","Cell_57","OD Mature",-3333.603856,-3710.914754
"Cell_2377","Cell_2377","Ependymal",-2464.110182,-3321.897145
"Cell_3397","Cell_3397","Endothelial",-2197.143642,-3945.245714
"Cell_125","Cell_125","Astrocyte",-3246.056146,-3519.006754
"Cell_2533","Cell_2533","Ependymal",-2444.262893,-3190.247201
"Cell_2975","Cell_2975","Endothelial",-2262.514947,-2805.017088
"Cell_4147","Cell_4147","Inhibitory",-1805.712189,-2780.74929
"Cell_1647","Cell_1647","OD Mature",-2704.135228,-2596.166587
"Cell_1019","Cell_1019","Pericytes",-2864.740752,-4021.248254
"Cell_1848","Cell_1848","Astrocyte",-2626.606574,-3071.497702
"Cell_5159","Cell_5159","Ependymal",-2506.337657,-3458.179285
"Cell_5153","Cell_5153","Excitatory",-2343.385575,-3584.229743
"Cell_5155","Cell_5155","Excitatory",-2475.094654,-3464.441195
"Cell_4721","Cell_4721","Excitatory",-1557.92864,-3150.820258
"Cell_1622","Cell_1622","OD Mature",-2667.423283,-2655.906225
"Cell_3015","Cell_3015","Inhibitory",-2291.732666,-2935.054538
"Cell_831","Cell_831","Inhibitory",-3119.557737,-3348.44514
"Cell_3497","Cell_3497","Astrocyte",-2010.95905,-3810.512007
"Cell_989","Cell_989","Inhibitory",-2953.829533,-3879.098024
"Cell_2264","Cell_2264","Endothelial",-2503.06003,-3603.227973
"Cell_3901","Cell_3901","Inhibitory",-2074.467801,-2629.283637
"Cell_2050","Cell_2050","Excitatory",-2575.465635,-3537.56735
"Cell_4495","Cell_4495","Endothelial",-1593.757142,-3921.926456
"Cell_5171","Cell_5171","Astrocyte",-2380.259157,-3261.969017
"Cell_1446","Cell_1446","Inhibitory",-2878.029625,-2598.012031
"Cell_3425","Cell_3425","Endothelial",-2340.078656,-3951.1069
"Cell_3797","Cell_3797","Inhibitory",-2046.930895,-2735.768293
"Cell_1212","Cell_1212","Inhibitory",-2804.896597,-3324.64422
"Cell_1047","Cell_1047","Endothelial",-2761.24735,-4035.528487
"Cell_2036","Cell_2036","OD Immature",-2636.085814,-3600.426452
"Cell_2777","Cell_2777","Ependymal",-2417.429982,-2371.358908
"Cell_1747","Cell_1747","Inhibitory",-2729.212112,-2955.353519
"Cell_499","Cell_499","Excitatory",-3172.250793,-2284.777539
"Cell_3727","Cell_3727","Inhibitory",-2055.98627,-3009.134744
"Cell_4929","Cell_4929","Inhibitory",-1641.999328,-2329.434167
"Cell_4926","Cell_4926","Inhibitory",-1651.147295,-2318.186035
"Cell_418","Cell_418","Excitatory",-3202.084958,-2571.953192
"Cell_367","Cell_367","Astrocyte",-3191.485546,-2736.93421
"Cell_4097","Cell_4097","Inhibitory",-1890.107266,-2499.749812
"Cell_5067","Cell_5067","OD Immature",-2911.981774,-3474.935361
"Cell_2159","Cell_2159","Endothelial",-2658.604526,-3958.812729
"Cell_329","Cell_329","OD Immature",-3293.654148,-2999.908568
"Cell_115","Cell_115","OD Mature",-3309.133866,-3598.82205
"Cell_441","Cell_441","OD Immature",-3314.247257,-2527.370049
"Cell_1570","Cell_1570","Astrocyte",-2641.406057,-2346.104528
"Cell_1973","Cell_1973","Inhibitory",-2595.131521,-3453.768779
"Cell_4802","Cell_4802","Endothelial",-1717.124056,-2716.760959
"Cell_3147","Cell_3147","Inhibitory",-2197.136132,-3256.840059
"Cell_5137","Cell_5137","OD Immature",-2710.055668,-3471.875165
"Cell_3838","Cell_3838","Inhibitory",-2105.097616,-2793.509133
"Cell_3890","Cell_3890","OD Mature",-2057.505042,-2519.385301
"Cell_353","Cell_353","Endothelial",-3250.808203,-2711.419857
"Cell_2883","Cell_2883","OD Mature",-2171.404992,-2605.140631
"Cell_2726","Cell_2726","OD Mature",-2353.127818,-2630.588751
"Cell_1915","Cell_1915","Astrocyte",-2703.012174,-3277.179102
"Cell_3321","Cell_3321","Excitatory",-2299.882602,-3751.686874
"Cell_679","Cell_679","Excitatory",-3113.432816,-2958.545118
"Cell_3349","Cell_3349","Excitatory",-2244.669159,-3743.308289
"Cell_3070","Cell_3070","Inhibitory",-2226.34176,-2921.434201
"Cell_3242","Cell_3242","Inhibitory",-2156.611363,-3283.103716
"Cell_4232","Cell_4232","Inhibitory",-1841.277271,-3103.932754
"Cell_4835","Cell_4835","Inhibitory",-1717.434697,-2765.965319
"Cell_2437","Cell_2437","Inhibitory",-2486.805932,-3347.561346
"Cell_1240","Cell_1240","Inhibitory",-2907.947495,-3147.49936
"Cell_3641","Cell_3641","Excitatory",-1974.991316,-3433.072415
"Cell_3320","Cell_3320","Excitatory",-2318.728702,-3713.882092
"Cell_3536","Cell_3536","Astrocyte",-2091.198827,-3632.181345
"Cell_4758","Cell_4758","OD Immature",-1670.336869,-2980.584409
"Cell_3659","Cell_3659","Excitatory",-2058.025108,-3257.16684
"Cell_5076","Cell_5076","Astrocyte",-2894.427099,-2871.75951
"Cell_343","Cell_343","Inhibitory",-3303.30669,-2804.245318
"Cell_719","Cell_719","Inhibitory",-3102.405384,-2978.329611
"Cell_23","Cell_23","Astrocyte",-3246.166302,-3991.294169
"Cell_4384","Cell_4384","Excitatory",-1913.516807,-3706.525487
"Cell_4459","Cell_4459","Endothelial",-1800.17534,-4005.126474
"Cell_4898","Cell_4898","Inhibitory",-1586.796589,-2626.99417
"Cell_3596","Cell_3596","Inhibitory",-2112.655668,-3290.83091
"Cell_727","Cell_727","Excitatory",-2985.474153,-2963.973555
"Cell_4902","Cell_4902","Inhibitory",-1725.947012,-2305.920186
"Cell_1432","Cell_1432","Inhibitory",-2927.058575,-2838.782099
"Cell_1639","Cell_1639","OD Mature",-2601.95796,-2578.417822
"Cell_4029","Cell_4029","Inhibitory",-1754.822135,-2280.521692
"Cell_2763","Cell_2763","Ependymal",-2464.203126,-2453.620868
"Cell_90","Cell_90","Inhibitory",-3189.489146,-3753.262579
"Cell_4283","Cell_4283","OD Mature",-1898.110857,-3311.904223
"Cell_5309","Cell_5309","Inhibitory",-1881.905483,-3463.076608
"Cell_1503","Cell_1503","OD Mature",-2890.785566,-2451.776483
"Cell_392","Cell_392","Ependymal",-3197.638306,-2834.029983
"Cell_385","Cell_385","Inhibitory",-3261.57992,-2762.442033
"Cell_4107","Cell_4107","Excitatory",-1925.847647,-2861.822167
"Cell_1328","Cell_1328","Excitatory",-2813.28119,-2898.100144
"Cell_4760","Cell_4760","Excitatory",-1665.010671,-2929.045735
"Cell_322","Cell_322","Inhibitory",-3248.504501,-3041.467014
"Cell_4453","Cell_4453","Inhibitory",-1933.917233,-3921.768633
"Cell_683","Cell_683","Astrocyte",-3084.490561,-2888.022843
"Cell_4642","Cell_4642","Endothelial",-1646.16073,-3390.78491
"Cell_222","Cell_222","Inhibitory",-3334.269485,-3141.972787
"Cell_2152","Cell_2152","Pericytes",-2650.694533,-3872.919162
"Cell_901","Cell_901","OD Mature",-3043.090037,-3520.275142
"Cell_988","Cell_988","Endothelial",-3100.032665,-3972.487622
"Cell_947","Cell_947","Inhibitory",-3046.318351,-3728.870507
"Cell_2114","Cell_2114","Excitatory",-2735.184944,-3716.413105
"Cell_3280","Cell_3280","Inhibitory",-2190.851371,-3573.391591
"Cell_915","Cell_915","Inhibitory",-3110.621654,-3803.594705
"Cell_2020","Cell_2020","Endothelial",-2583.55242,-3569.662187
"Cell_3402","Cell_3402","Endothelial",-2180.458343,-3911.050514
"Cell_1615","Cell_1615","Endothelial",-2703.409238,-2500.740531
"Cell_2277","Cell_2277","Excitatory",-2469.672314,-3499.145486
"Cell_1933","Cell_1933","Inhibitory",-2626.900995,-3310.201059
"Cell_2191","Cell_2191","Excitatory",-2488.622844,-3681.043194
"Cell_2598","Cell_2598","Inhibitory",-2375.026572,-3045.469923
"Cell_4471","Cell_4471","Microglia",-1764.742441,-4016.340387
"Cell_2325","Cell_2325","Endothelial",-2524.633345,-3644.999762
"Cell_5010","Cell_5010","OD Immature",-3316.652365,-2464.36458
"Cell_56","Cell_56","Astrocyte",-3179.000292,-3961.051604
"Cell_4529","Cell_4529","OD Mature",-1697.445922,-3777.521969
"Cell_4082","Cell_4082","Astrocyte",-1937.848879,-2584.696733
"Cell_2648","Cell_2648","Excitatory",-2412.337961,-2836.962137
"Cell_2728","Cell_2728","Endothelial",-2493.027347,-2611.854215
"Cell_4016","Cell_4016","Excitatory",-1784.513659,-2365.696618
"Cell_2858","Cell_2858","OD Mature",-2275.378359,-2609.97179
"Cell_1804","Cell_1804","OD Mature",-2651.126091,-2917.504897
"Cell_4109","Cell_4109","Excitatory",-1919.610202,-2729.071085
"Cell_3662","Cell_3662","Excitatory",-2042.579242,-3116.110213
"Cell_1662","Cell_1662","OD Mature",-2680.417814,-2616.813228
"Cell_5224","Cell_5224","Astrocyte",-2314.399165,-3667.042905
"Cell_4978","Cell_4978","Inhibitory",-1682.433641,-2407.21946
"Cell_4276","Cell_4276","OD Immature",-1781.135338,-3212.579884
"Cell_3057","Cell_3057","Inhibitory",-2276.072813,-2989.801912
"Cell_4373","Cell_4373","Inhibitory",-1771.165755,-3534.244904
"Cell_2359","Cell_2359","Ependymal",-2514.787716,-3304.819849
"Cell_663","Cell_663","Inhibitory",-2963.915666,-2794.852768
"Cell_2080","Cell_2080","Excitatory",-2665.992034,-3691.022578
"Cell_3126","Cell_3126","Excitatory",-2212.086237,-3261.065081
"Cell_696","Cell_696","Excitatory",-3041.199817,-3005.690695
"Cell_412","Cell_412","Inhibitory",-3229.07401,-2537.333776
"Cell_2091","Cell_2091","Microglia",-2636.29444,-3834.889291
"Cell_1854","Cell_1854","Inhibitory",-2597.921196,-3199.558633
"Cell_120","Cell_120","Inhibitory",-3267.409753,-3487.276271
"Cell_4407","Cell_4407","Astrocyte",-1773.206999,-3735.554807
"Cell_1261","Cell_1261","Microglia",-2795.246065,-3168.237261
"Cell_63","Cell_63","OD Immature",-3296.438677,-3781.838194
"Cell_144","Cell_144","OD Mature",-3156.297569,-3634.910011
"Cell_1440","Cell_1440","Astrocyte",-2919.367943,-2523.738916
"Cell_2371","Cell_2371","Excitatory",-2474.724583,-3354.569339
"Cell_1009","Cell_1009","Endothelial",-2896.92198,-3925.983993
"Cell_5034","Cell_5034","Inhibitory",-3030.183626,-3267.586746
"Cell_2467","Cell_2467","Ependymal",-2475.091413,-3114.540238
